id,name,path,active
1,D16,D16,True
2,Body_Bonnet,D16/Body_Bonnet,True
3,Body_Hood,D16/Body_Bonnet/Body_Hood,True
4,Body_Logo,D16/Body_Bonnet/Body_Logo,True
5,Body_Static,D16/Body_Static,True
6,Body_M_All,D16/Body_Static/Body_M_All,True
7,Body_LicensePlate,D16/Body_Static/Body_M_All/Body_LicensePlate,True
8,Body_M_Black_CN,D16/Body_Static/Body_M_All/Body_M_Black_CN,True
9,Body_M_Black_OS,D16/Body_Static/Body_M_All/Body_M_Black_OS,True
10,Body_M_Black_QPZY,D16/Body_Static/Body_M_All/Body_M_Black_QPZY,True
11,Body_M_Body_A,D16/Body_Static/Body_M_All/Body_M_Body_A,True
12,Body_M_Body_B,D16/Body_Static/Body_M_All/Body_M_Body_B,True
13,Body_M_Glass,D16/Body_Static/Body_M_All/Body_M_Glass,True
14,Body_M_Glass_L,D16/Body_Static/Body_M_All/Body_M_Glass_L,True
15,Body_M_Glass_Light,D16/Body_Static/Body_M_All/Body_M_Glass_Light,True
16,Body_M_Glass_R,D16/Body_Static/Body_M_All/Body_M_Glass_R,True
17,Body_M_H_Glass,D16/Body_Static/Body_M_All/Body_M_H_Glass,True
18,Body_M_H_RadarUp,D16/Body_Static/Body_M_All/Body_M_H_RadarUp,True
19,Body_M_JetBlack_adorn,D16/Body_Static/Body_M_All/Body_M_JetBlack_adorn,True
20,Body_M_JetBlack_Light,D16/Body_Static/Body_M_All/Body_M_JetBlack_Light,True
21,Body_M_LuggageRack,D16/Body_Static/Body_M_All/Body_M_LuggageRack,True
22,Body_M_Plating,D16/Body_Static/Body_M_All/Body_M_Plating,True
23,Body_M_Stoplight,D16/Body_Static/Body_M_All/Body_M_Stoplight,True
24,Glow_MR_ReversingLight,D16/Body_Static/Body_M_All/Glow_MR_ReversingLight,True
25,Glow_MR_ReversingLight_ZJ,D16/Body_Static/Body_M_All/Glow_MR_ReversingLight_ZJ,True
26,Body_M_CD,D16/Body_Static/Body_M_CD,True
27,body_1,D16/Body_Static/Body_M_CD/body_1,True
28,body_2,D16/Body_Static/Body_M_CD/body_2,True
29,Body_M_CDLeafPlate,D16/Body_Static/Body_M_CD/Body_M_CDLeafPlate,True
30,Body_M_Interior_seven,D16/Body_Static/Body_M_Interior_seven,False
31,Body_M_Interior_six,D16/Body_Static/Body_M_Interior_six,True
32,Body_M_ZC,D16/Body_Static/Body_M_ZC,False
33,body_3,D16/Body_Static/Body_M_ZC/body_3,True
34,Body_M_ZCLeafPlate,D16/Body_Static/Body_M_ZC/Body_M_ZCLeafPlate,True
35,Body_Trunk,D16/Body_Trunk,True
36,Body_Trunk_Black,D16/Body_Trunk/Body_Trunk_Black,True
37,Body_Trunk_Body_A,D16/Body_Trunk/Body_Trunk_Body_A,True
38,Body_Trunk_Body_B,D16/Body_Trunk/Body_Trunk_Body_B,True
39,Body_Trunk_Glass,D16/Body_Trunk/Body_Trunk_Glass,True
40,Body_Trunk_HighConfig,D16/Body_Trunk/Body_Trunk_HighConfig,True
41,Glow_MR_pixel,D16/Body_Trunk/Body_Trunk_HighConfig/Glow_MR_pixel,True
42,Glow_MR_pixel_Mask,D16/Body_Trunk/Body_Trunk_HighConfig/Glow_MR_pixel_Mask,True
43,Body_Trunk_JetBlack,D16/Body_Trunk/Body_Trunk_JetBlack,True
44,Body_Trunk_LightGlass,D16/Body_Trunk/Body_Trunk_LightGlass,True
45,Body_Trunk_Logo,D16/Body_Trunk/Body_Trunk_Logo,True
46,Body_Trunk_LowConfig,D16/Body_Trunk/Body_Trunk_LowConfig,True
47,Body_Trunk_L_JetBlack,D16/Body_Trunk/Body_Trunk_LowConfig/Body_Trunk_L_JetBlack,True
48,Glow_MR_MarkeLight,D16/Body_Trunk/Glow_MR_MarkeLight,True
49,Glow_MR_StopLight,D16/Body_Trunk/Glow_MR_StopLight,True
50,Door_LF_Main,D16/Door_LF_Main,True
51,Door_LF_All,D16/Door_LF_Main/Door_LF_All,True
52,Door_LF_Black,D16/Door_LF_Main/Door_LF_All/Door_LF_Black,True
53,Door_LF_Body,D16/Door_LF_Main/Door_LF_All/Door_LF_Body,True
54,Door_LF_JetBlack,D16/Door_LF_Main/Door_LF_All/Door_LF_JetBlack,True
55,Door_LF_Plating,D16/Door_LF_Main/Door_LF_All/Door_LF_Plating,True
56,Door_LF_Rear_view_lenses,D16/Door_LF_Main/Door_LF_All/Door_LF_Rear_view_lenses,True
57,Door_LF_Window,D16/Door_LF_Main/Door_LF_Window,True
58,Glow_LF_RearViewTurnLight,D16/Door_LF_Main/Glow_LF_RearViewTurnLight,True
59,Glow_LF_RearViewTurnLight_ZJ,D16/Door_LF_Main/Glow_LF_RearViewTurnLight_ZJ,True
60,Door_LR_Main,D16/Door_LR_Main,True
61,Door_LR_All,D16/Door_LR_Main/Door_LR_All,True
62,Door_LR_Black,D16/Door_LR_Main/Door_LR_All/Door_LR_Black,True
63,Door_LR_Body,D16/Door_LR_Main/Door_LR_All/Door_LR_Body,True
64,Door_LR_JetBlack,D16/Door_LR_Main/Door_LR_All/Door_LR_JetBlack,True
65,Door_LR_Plating,D16/Door_LR_Main/Door_LR_All/Door_LR_Plating,True
66,Door_LR_Window,D16/Door_LR_Main/Door_LR_All/Door_LR_Window,True
67,Door_RF_Main,D16/Door_RF_Main,True
68,Door_RF_All,D16/Door_RF_Main/Door_RF_All,True
69,Door_RF_Black,D16/Door_RF_Main/Door_RF_All/Door_RF_Black,True
70,Door_RF_Body,D16/Door_RF_Main/Door_RF_All/Door_RF_Body,True
71,Door_RF_JetBlack,D16/Door_RF_Main/Door_RF_All/Door_RF_JetBlack,True
72,Door_RF_Plating,D16/Door_RF_Main/Door_RF_All/Door_RF_Plating,True
73,Door_RF_Rear_view_lenses,D16/Door_RF_Main/Door_RF_All/Door_RF_Rear_view_lenses,True
74,Door_RF_Window,D16/Door_RF_Main/Door_RF_Window,True
75,Glow_RF_RearViewTurnLight,D16/Door_RF_Main/Glow_RF_RearViewTurnLight,True
76,Glow_RF_RearViewTurnLight_ZJ,D16/Door_RF_Main/Glow_RF_RearViewTurnLight_ZJ,True
77,Door_RR_Main,D16/Door_RR_Main,True
78,Door_RR_All,D16/Door_RR_Main/Door_RR_All,True
79,Door_RR_Black,D16/Door_RR_Main/Door_RR_All/Door_RR_Black,True
80,Door_RR_Body,D16/Door_RR_Main/Door_RR_All/Door_RR_Body,True
81,Door_RR_JetBlack,D16/Door_RR_Main/Door_RR_All/Door_RR_JetBlack,True
82,Door_RR_Plating,D16/Door_RR_Main/Door_RR_All/Door_RR_Plating,True
83,Door_RR_Window,D16/Door_RR_Main/Door_RR_All/Door_RR_Window,True
84,Glow_Static,D16/Glow_Static,True
85,Glow_Foglight,D16/Glow_Static/Glow_Foglight,True
86,Glow_Headlight,D16/Glow_Static/Glow_Headlight,True
87,Glow_Headlight2,D16/Glow_Static/Glow_Headlight2,True
88,Glow_LR_TurnLightA,D16/Glow_Static/Glow_LR_TurnLightA,True
89,Glow_MF_Headlight_L,D16/Glow_Static/Glow_MF_Headlight_L,True
90,Glow_MF_Headlight_R,D16/Glow_Static/Glow_MF_Headlight_R,True
91,Glow_MF_MarkeLight,D16/Glow_Static/Glow_MF_MarkeLight,True
92,Glow_MF_TurnLight_LF,D16/Glow_Static/Glow_MF_TurnLight_LF,True
93,Glow_MF_TurnLight_LF_ZJ,D16/Glow_Static/Glow_MF_TurnLight_LF_ZJ,True
94,Glow_MF_TurnLight_RF,D16/Glow_Static/Glow_MF_TurnLight_RF,True
95,Glow_MF_TurnLight_RF2,D16/Glow_Static/Glow_MF_TurnLight_RF2,True
96,Glow_RR_TurnLightA,D16/Glow_Static/Glow_RR_TurnLightA,True
97,Glow_Static_HighConfig,D16/Glow_Static/Glow_Static_HighConfig,True
98,Glow_LR_Pixel,D16/Glow_Static/Glow_Static_HighConfig/Glow_LR_Pixel,True
99,Glow_RR_Pixel,D16/Glow_Static/Glow_Static_HighConfig/Glow_RR_Pixel,True
100,Glow_Static_LowConfig,D16/Glow_Static/Glow_Static_LowConfig,False
101,Wheel_LF_Main,D16/Wheel_LF_Main,True
102,Wheel_LF_LOGO,D16/Wheel_LF_Main/Wheel_LF_LOGO,True
103,Wheel_LF_M,D16/Wheel_LF_Main/Wheel_LF_M,True
104,Wheel_LF_M2,D16/Wheel_LF_Main/Wheel_LF_M2,True
105,Wheel_LF_M3,D16/Wheel_LF_Main/Wheel_LF_M3,True
106,Wheel_LR_Main,D16/Wheel_LR_Main,True
107,Wheel_LR_LOGO,D16/Wheel_LR_Main/Wheel_LR_LOGO,True
108,Wheel_LR_M,D16/Wheel_LR_Main/Wheel_LR_M,True
109,Wheel_LR_M2,D16/Wheel_LR_Main/Wheel_LR_M2,True
110,Wheel_LR_M3,D16/Wheel_LR_Main/Wheel_LR_M3,True
111,Wheel_RF_Main,D16/Wheel_RF_Main,True
112,Wheel_RF_LOGO,D16/Wheel_RF_Main/Wheel_RF_LOGO,True
113,Wheel_RF_M,D16/Wheel_RF_Main/Wheel_RF_M,True
114,Wheel_RF_M2,D16/Wheel_RF_Main/Wheel_RF_M2,True
115,Wheel_RF_M3,D16/Wheel_RF_Main/Wheel_RF_M3,True
116,Wheel_RR_Main,D16/Wheel_RR_Main,True
117,Wheel_RR_LOGO,D16/Wheel_RR_Main/Wheel_RR_LOGO,True
118,Wheel_RR_M,D16/Wheel_RR_Main/Wheel_RR_M,True
119,Wheel_RR_M2,D16/Wheel_RR_Main/Wheel_RR_M2,True
120,Wheel_RR_M3,D16/Wheel_RR_Main/Wheel_RR_M3,True
