id,Desc,id_TSP,ColorValue,BlendColor,SpecColor,FresnalColor,ColorIntensity,MatCapIntensity,CubeAmbientIntensity,CubeReflectionIntensity,AOStrength,Metallic,Fresnal,CubeAmbientPow,CubeReflectionPow,FresnalSmooth,Roughtness
0,金属黑,0,#353535,#111111,#606060,#707070,1.23,2,1.01,1,1,2.27,5.78,0.32,0.26,1.2,0.055
1,天幕灰,9,#14192F,#13161B,#242429,#373D49,1.3,1.26,1.77,2,1,2.15,4.59,0.27,0.36,1.17,0.067
2,珍珠白,,#FFFFFF,#FFFFFF,#373737,#D5D5D5,1.5,1.4,0.5,0.5,1,1,6.02,1,1,1,0.27
3,苔原灰,2,#C4C4BC,#8E8E8E,#333333,#808080,1,1,1,1,1,0.68,7.09,1,1,1,0.436
4,春芽绿,,#D2FFC6,#DCFFA3,#1B1B1B,#607656,1,1.5,1.19,1.25,1,1,4.39,0.27,0.36,1.2,0.03
5,仙踪绿,,#FFFFFF,#FFFFFF,#FFFFFFF,#808080,1.5,1.4,0.5,0.5,1,1,1,1,1,1,0.01
6,冰川蓝,,#ADCEE9,#93B6DB,#272727,#373D49,1,1.5,1.19,1.25,1,1.3,4.59,0.27,0.36,1,0.03
7,星煜紫,,#2A1130,#341056,#3F3F3F,#CFC8D5,1,0.7,1.19,1.25,1,1,4.5,0.27,0.36,1.17,0.1
8,香草白,,#FFF3D2,#FFF5D6,#1D1D1D,#666666,1,1.5,1.02,1.25,1,1.32,4.63,0.21,0.26,1.28,0.05
9,苍松翠,,#072217,#072F24,#22453A,#153326,1.1,0.9,1.11,0.99,1,1.32,6.02,0.58,1,1.29,0.127
10,光白,1,#FFFFFF,#FFFFFF,#373737,#D5D5D5,1.5,1.4,0.5,0.5,1,1,6.02,1,1,1,0.27
11,松岚灰,,#7E909A,#6C757C,#414141,#808080,1,1,1.02,0.94,1,1.2,4.87,0.4,0.5,1,0.06
12,星河银,3,#D4E5ED,#F1F8FF,#2F2F2F,#6E6E6E,1,1,1,1,1,0.96,5.78,1,0.5,1.29,0.06
13,星辉银,,#A9ABC4,#C9D4FF,#111111,#BDC5D3,1.3,1,1,1,1,1,4.15,1,0.5,1,0.06
14,曦露紫,5,#725972,#211421,#645464,#2E262F,0.69,0.88,0.85,0.93,1,0.84,3.64,0.26,0.52,0.67,0.198
15,漫宇蓝,4,#52678E,#384F6A,#353A3D,#74858E,1,1,1,1,1,0.6,4.83,1,0.5,1,0.3
16,摩卡粉,,#CBB0A7,#CBA59C,#3F3434,#CFB6AD,1,1,1,1,1,1,4.03,0.71,0.39,1.02,0.03
17,雷厉黄,,#D4E5ED,#FFA82B,#2B2B2B,#FFB44A,1,1.1,1,1,1,0.21,5.78,1,0.5,1.29,0.06
18,星芒绿,,#D4E5ED,#133F2A,#707070,#004D16,1.35,0.8,1.49,1.64,1,2,6.91,1,0.5,1.58,0.085
19,液态银,33,#D4E5ED,#585756,#2F2F2F,#DBDBDB,0.75,1,1.18,1.07,1,4.18,5.78,1,0.5,1.37,0.228
20,秋月黄,26,#191919,#D1A34D,#E19F24,#AA9865,1.2,2,1,1.22,1,2.02,5,0.32,0.26,1,0.02
21,大地棕,25,#191919,#2D2C2A,#52504E,#62615D,1.2,1,1.5,1.37,1,1.9,5,0.32,0.26,1,0.5
22,松谷绿,21,#353535,#0B0F0B,#606060,#707070,1.23,2,1.01,1,1,1.05,5.54,0.32,0.26,1.2,0.055
